8480000062505	Macarrones	1 ración en crudo	80
5449000000996	Refresco de cola	1 lata	330
8480000103819	Leche semidesnatada	1 vaso	250
8410069018960	Espaguetis n.º 3	1 ración en crudo	80
8480000171320	Tomate frito	2 cucharadas	30
8480000592293	Jamón cocido en lonchas finas	3 lonchas	30
8480000551085	Espetec	5 rodajas	25
8480000160447	Tomate triturado	1 ración	100
8421384012014	Jamón curado	3 lonchas	30
8480000101990	Yogur griego natural Jungly	1 yogur	125
8480000340788	Pipas de girasol saladas	1 puñado	30
5449000131805	Refresco de cola zero	1 lata	330
8480000103796	Leche entera	1 vaso	250
20879266	Huevos de gallinas camperas	1 huevo	60
8480000105776	Leche desnatada 0,0	1 vaso	250
8480000592521	Pechuga de pavo en lonchas, baja en sal	3 lonchas	30
8480000511829	Queso fundido en lonchas	1 loncha	20
8480000180025	Atún en aceite (lata abre fácil)	1 lata	56
8480000832306	Baguette	1 trozo	60
5449000169327	Refresco de cola zero sin cafeína	1 lata	330
8480000590664	Bacon en tiras	1 ración	50
8480000511102	Mozzarella rallada para pizza	1 puñado	30
8480000260291	Garbanzos cocidos	1 plato	200
8480000838674	Pan de molde blanco sin lactosa	2 rebanadas	50
8480000590862	Chorizo en lonchas	5 lonchas	25
8480000823229	Pan de molde blanco sin corteza	2 rebanadas	50
8480000621283	Filetes de merluza	1 filete	150
8480000592514	Pechuga de pavo en lonchas	3 lonchas	30
8480000167125	Maíz dulce	1 lata pequeña	140
8480000333070	Patatas fritas lisas	1 bolsa pequeña	30
8480000333650	Patatas fritas lisas	1 bolsa pequeña	30
8410297012150	Leche semidesnatada	1 vaso	250
8480000829313	Cruasán	1 cruasán	50
8410762005014	Espetec	5 rodajas	25
8480000134066	Mayonesa sin lactosa	1 cucharada	15
8480000531414	Salchichas Frankfurt	2 salchichas	70
8480000050441	Arroz redondo	1 ración en crudo	80
8480000828309	Barra campesina	1 trozo	60
8480000040466	Aceite de girasol	1 cucharada	10
5449000136336	Refresco de cola zero	1 lata	330
8480000808950	Tortilla de patata con cebolla	1 porción	120
8480000038524	Guacamole	2 cucharadas	30
8480000205841	Yogur natural	1 yogur	125
8431876233964	Barra de pan	1 trozo	60
8421384016210	Jamón curado para cocinar (taquitos)	1 ración	30
5449000011527	Refresco de naranja con gas	1 lata	330
8412600012185	Pan de molde rebanada gruesa	2 rebanadas	60
8414807551528	Barra de pan	1 trozo	60
8480000180551	Atún en aceite (lata abre fácil)	1 lata	56
8480000505453	Queso havarti en lonchas	2 lonchas	40
8480000512345	Cuatro quesos rallados	1 puñado	30
8480000510266	Queso de Burgos	1 tarrina	75
4056489408109	Macarrones n.º 6	1 ración en crudo	80
8480000822796	Picos	1 puñado	20
8480000073136	Caldo de pollo	1 tazón	250
8480000390103	Zumo de naranja	1 vaso	200
8480000590756	Lomo embuchado en lonchas, sin lactosa	3 lonchas	30
8480000340245	Nueces sin sal	1 puñado	30
8480000171634	Tomate frito con aceite de oliva	2 cucharadas	30
8421610034537	Carne picada de cerdo y vacuno	1 ración	125
8480000808592	Tortillas de trigo	1 tortilla	40
8410239040333	Obleas para empanadillas	4 obleas	50
8480000561152	Fiambre de york en lonchas	3 lonchas	30
8480000205599	Yogur griego natural	1 yogur	125
8410320127936	Jamón curado	3 lonchas	30
7613035268388	Chocolate con leche	2 onzas	20
8480000832771	Pan	1 trozo	60
8480000223135	Yogur natural	1 yogur	125
8480000291004	Harina de trigo	1 cucharada	10
8713734033825	Queso gouda en lonchas	2 lonchas	40
8480000141323	Galletas María	4 galletas	25
8480000342317	Cóctel de frutos secos	1 puñado	30
8480000290731	Refresco de cola zero	1 lata	330
8480000333384	Patatas fritas lisas crujientes	1 bolsa pequeña	30
8480000835482	Pan	1 trozo	60
8480000279736	Gaseosa	1 vaso	200
8480000141576	Galletas sándwich de chocolate	2 galletas	25
8480000152039	Piña en su jugo	2 rodajas	80
8480000512031	Queso crema para untar	1 cucharada	20
8425514088009	Pan	1 trozo	60
8722700136224	Mayonesa ligera	1 cucharada	15
8435048246011	Pan	1 trozo	60
8480000063441	Hélices vegetales	1 ración en crudo	80
8480000223883	Pan	1 trozo	60
8480000205711	Yogur griego de stracciatella	1 yogur	125
8480000180186	Atún en aceite (lata abre fácil)	1 lata	56
8480000681379	Natillas de vainilla	1 natillas	125
8480000208767	Margarina light sin sal	1 porción	10
8480000207166	Mantequilla sin sal	1 porción	10
8480000260192	Alubias cocidas	1 plato	200
8402001000850	Batido de chocolate	1 brik	200
8402001000560	Pan de molde blanco	2 rebanadas	50
8480000235794	Kétchup	1 cucharada	15
8480000186010	Mejillones en escabeche con aceite de oliva	1 lata	70
8480000186096	Mejillones de la ría gallega en escabeche	1 lata	70
8480000186157	Mejillones en escabeche	1 lata	70
8480000511515	Queso en polvo para pasta	1 cucharada	10
8480000823656	Regañás con aceite de oliva	5 regañás	20
8425779044482	Ensalada cuatro estaciones	1 plato	80
8480000156044	Gazpacho	1 vaso	250
8480000510501	Mozzarella fresca	1 bola	125
8410199021090	Patatas fritas al punto de sal	1 bolsa pequeña	30
8480000681065	Flan de vainilla	1 flan	100
8410320127363	Salchichas Frankfurt	2 salchichas	70
8480000590855	Salchichón en lonchas	5 lonchas	25
8480000185624	Espárragos blancos medianos	4 espárragos	80
8410973643395	Bacon ahumado en lonchas	2 lonchas	30
4056489287490	Pan de molde blanco sin lactosa	2 rebanadas	50
8480000044877	Lasaña boloñesa	1 bandeja	300
8423352861402	Bebida de avena	1 vaso	250
8480000290724	Refresco de cola	1 lata	330
8480000832320	Pan	1 trozo	60
8410830001016	Arroz	1 ración en crudo	80
8480000336408	Nachos	1 bolsa pequeña	30
8480000614056	Patatas prefritas corte ancho	1 ración	150
8480000681492	Flan de huevo al baño maría	1 flan	100
8480000200013	Yogures de sabores	1 yogur	125
8480000823328	Panecillos para perritos	1 panecillo	50
8410297132209	Mantequilla sin sal	1 porción	10
8480000614216	Patatas prefritas corte fino	1 ración	150
8480000608451	Magdalenas	1 magdalena	30
8422287122190	Huevos	1 huevo	60
7613032996246	Tomate frito	2 cucharadas	30
8480000808585	Hummus	2 cucharadas	30
8480017509734	Macarrones	1 ración en crudo	80
3560070468751	Espaguetis	1 ración en crudo	80
8480000512390	Emmental rallado para gratinar	1 puñado	30
8712566298297	Mayonesa	1 cucharada	15
8480000166180	Champiñón laminado	1 ración	100
7613039490266	Cacao soluble	2 cucharadas	15
8480000822192	Pan rallado	1 cucharada	10
8480017005045	Leche semidesnatada	1 vaso	250
8410184040730	Arroz basmati cocido (vasito)	1 vasito	125
8410297112041	Leche entera	1 vaso	250
8410066000074	Tomate frito	2 cucharadas	30
8436021411273	Hamburguesas de cerdo y vacuno	1 hamburguesa	100
8410199021069	Triángulos de maíz (nachos)	1 bolsa pequeña	30
8480000542090	Chorizo dulce en sarta, sin lactosa	1 ración	40
8480000593344	Mortadela en lonchas	3 lonchas	30
4008713756661	Copos de avena	1 ración	40
8480000050632	Arroz largo	1 ración en crudo	80
8480000042408	Aceite de oliva suave	1 cucharada	10
8480000838865	Pan de molde integral sin lactosa	2 rebanadas	50
8410494300043	Refresco de cola zero	1 lata	330
20221584	Yogur natural	1 yogur	125
8410199790958	Pelotazos de maíz	1 bolsa pequeña	30
8480000105004	Leche semidesnatada con vitaminas y ácido fólico	1 vaso	250
8437004621139	Canónigos	1 plato	50
5449000164957	Bebida isotónica de limón	1 botella	500
20944292	Leche entera	1 vaso	250
8480000205933	Postre de chocolate con nata	1 postre	125
8480000204301	Yogur líquido de fresa	1 botella	180
8437007877427	Patatas	1 patata	200
8480010170368	Huevos	1 huevo	60
8480000592545	Longaniza en lonchas	5 lonchas	25
8410500001360	Yogur natural	1 yogur	125
8480000205582	Yogur griego natural	1 yogur	125
8480000682666	Natillas de vainilla	1 natillas	125
8410199023148	Patatas fritas onduladas sabor jamón	1 bolsa pequeña	30
8480000092649	Cereales almohadillas de leche	1 bol	30
8480017146366	Huevos	1 huevo	60
8423102210153	Rosquilletas con pipas	3 rosquilletas	20
20878108	Tomate frito	2 cucharadas	30
8480000340368	Pistachos con sal	1 puñado	30
8480000348227	Palomitas de maíz saladas para microondas	1 bolsa	100
8410300349051	Caldo casero de pollo	1 tazón	250
8480000142122	Galletas cookies con pepitas de chocolate	2 galletas	25
8410014478764	Cacao soluble	2 cucharadas	15
8402001000577	Pan de hamburguesa sin lactosa	1 pan	60
8437004621405	Ensalada de brotes tiernos	1 plato	50
8480000053305	Lentejas pardinas	1 ración en crudo	60
8480000331144	Conserva vegetal	1 ración	100
8480000505460	Queso havarti en lonchas	2 lonchas	40
8710912029939	Queso edam tierno en lonchas	2 lonchas	40
3560071175665	Atún en aceite (lata abre fácil)	1 lata	56
8480000333353	Patatas fritas onduladas sabor jamón	1 bolsa pequeña	30
8436021411211	Hamburguesas de pollo	1 hamburguesa	100
8480000593351	Mortadela con aceitunas en lonchas	3 lonchas	30
8480000103635	Leche desnatada 0,0 con vitaminas y ácido fólico	1 vaso	250
8410180225087	Galletas Dinosaurios	3 galletas	25
8480000823304	Pan de hamburguesa maxi	1 pan	80
8480000635808	Pizza	1/4 de pizza	100
8410199810656	Fantasmas de patata	1 bolsa pequeña	30
8480000633231	Nuggets de pollo	6 nuggets	100
8480000336392	Tiras de maíz	1 bolsa pequeña	30
8480000348654	Almendras crudas sin sal	1 puñado	30
20414931	Conserva vegetal	1 ración	100
8480000333636	Patatas fritas onduladas	1 bolsa pequeña	30
8480000100931	Zumo con leche mediterráneo	1 vaso	200
20073107	Chorizo en lonchas	5 lonchas	25
6944955502759	Gambas crudas	1 ración	100
8480000820327	Valencianas (magdalenas)	1 valenciana	45
8480000681720	Gelatina de fresa	1 tarrina	100
5449000006004	Refresco de limón con gas	1 lata	330
8480000634511	Masa de hojaldre	1/6 de lámina	40
8480017233127	Pan de molde blanco	2 rebanadas	50
8480017779557	Pan de molde blanco	2 rebanadas	50
8480000290199	Harina de trigo	1 cucharada	10
8410500008871	Yogur Activia natural	1 yogur	125
8480000224880	Yogur natural desnatado	1 yogur	125
8480000171283	Tomate frito con aceite de oliva	2 cucharadas	30
20797256	Jamón curado reserva	3 lonchas	30
8480000184085	Anchoas en aceite de oliva	5 filetes	20
8480000510747	Queso de Burgos	1 tarrina	75
8480000335814	Gusanitos	1 bolsa pequeña	30
8480000047403	Aceite de oliva virgen extra	1 cucharada	10
8480000125316	Chocolate negro para fundir	2 onzas	20
8480000683434	Arroz con leche	1 postre	125
8480000511836	Queso fundido rallado para gratinar	1 puñado	30
20878238	Tomate triturado	1 ración	100
8480000590787	Longaniza en sticks, sin lactosa	1 ración	30
8410500014421	Yogur Activia natural	1 yogur	125
8480000590909	Salami en lonchas	5 lonchas	25
8410494301361	Refresco de cola	1 lata	330
8480000512239	Queso crema para untar	1 cucharada	20
8437004621207	Espinacas	1 plato	80
8421691346499	Huevos de gallinas camperas	1 huevo	60
8410184013086	Arroz redondo cocido (vasito)	1 vasito	125
8480000334398	Patatas fritas churreras	1 bolsa pequeña	30
8480000210616	Postre lácteo de chocolate bajo en grasa	1 postre	125
8421691000209	Pan	1 trozo	60
8410843012566	Pechuga de pavo en lonchas	3 lonchas	30
8411477910631	Bacon ahumado en lonchas	2 lonchas	30
8436559590402	Huevos	1 huevo	60
5449000017376	Té frío al limón bajo en calorías	1 lata	330
8410086315035	Mayonesa	1 cucharada	15
20447779	Mayonesa	1 cucharada	15
4056489170358	Jamón curado	3 lonchas	30
8410843060451	Escalopines de lomo de cerdo	1 ración	150
8410603120128	Huevos	1 huevo	60
8421610028680	Carne picada de vacuno	1 ración	125
8480000103802	Leche entera	1 vaso	250
8480000827562	Pan de leche	1 bollo	35
8480000612151	Guisantes finos	1 ración	150
8480017075314	Tomate frito	2 cucharadas	30
8480000592491	Jamón cocido bajo en grasa en lonchas	3 lonchas	30
20005733	Nueces sin sal	1 puñado	30
8414897100583	Pan rebanado	2 rebanadas	50
20037321	Leche semidesnatada	1 vaso	250
4056489510734	Queso fundido en lonchas	1 loncha	20
4056489355151	Queso mezcla tierno en lonchas	2 lonchas	40
8480000823281	Pan de molde integral	2 rebanadas	50
8480000164155	Guisantes medianos	1 ración	150
8480000227027	Yogures desnatados con frutas	1 yogur	125
8410063081892	Palitos de surimi	5 palitos	75
8437013139342	Lechuga iceberg	1 plato	80
5449000120960	Refresco de naranja zero	1 lata	330
8480000093776	Cereales almohadillas rellenas de chocolate y avellana	1 bol	30
8480000391193	Bebida de piña sin azúcar	1 vaso	200
8480000223111	Natillas de vainilla con proteínas	1 natillas	125
8480000207227	Mantequilla con sal	1 porción	10
8410022109643	Dónut glaseado	1 dónut	50
8480000206404	Yogur líquido de piña-coco o fresa-plátano	1 botella	180
8480000173461	Salsa barbacoa	1 cucharada	15
8480000332493	Aceitunas negras sin hueso	10 aceitunas	30
8410014477743	Crema de cacao Nocilla	1 cucharada	15
8480017006080	Leche entera	1 vaso	250
8480000106933	Leche semidesnatada con calcio	1 vaso	250
8480000233653	Anacardos sin sal	1 puñado	30
8431876281088	Pan de molde blanco	2 rebanadas	50
8480000681386	Natillas de chocolate	1 natillas	125
20942182	Mozzarella rallada para pizza	1 puñado	30
8480000826091	Bollos con pepitas de chocolate	1 bollo	35
20477998	Queso de Burgos	1 tarrina	75
8480000136534	Chocolate con leche	2 onzas	20
8480000500212	Rulo de queso de cabra	2 rodajas	30
8719200232044	Margarina sin sal	1 porción	10
8480000592330	Jamón cocido en su jugo bajo en grasa	3 lonchas	30
4056489408468	Garbanzos cocidos	1 plato	200
8410762220059	Pizza	1/4 de pizza	100
8480000182104	Sardinillas en aceite de oliva	1 lata	60
8410283008006	Gaseosa sin calorías	1 vaso	200
20041038	Bacon cocido y ahumado sin lactosa	2 lonchas	30
8431876264876	Tomate frito	2 cucharadas	30
8434165482845	Galletas Choco Flakes	2 galletas	25
8421384085544	Jamón curado	3 lonchas	30
8480000161246	Pimiento rojo asado en tiras	1 ración	50
8402001000843	Batido de chocolate	1 brik	200
8480000331823	Pepinillos	1 ración	30
8411384009855	Claras de huevo líquidas	1 ración	100
8480000065940	Penne rigate	1 ración en crudo	80
8480000073259	Caldo de pescado	1 tazón	250
8480000184078	Anchoas en aceite de girasol	5 filetes	20
8480000683229	Cuajada	1 cuajada	125
4056489121350	Tortillas de trigo	1 tortilla	40
4056489364146	Palitos de surimi	5 palitos	75
8480000226518	Yogur griego de limón	1 yogur	125
8480000631596	Figuritas de merluza empanadas	1 ración	100
20047238	Cóctel de frutos secos	1 puñado	30
8480000180865	Atún en aceite (lata abre fácil)	1 lata	56
8410500010614	Natillas Danet de vainilla	1 natillas	125
8480000135988	Yogur ecológico con cereales y fresa	1 yogur	125
8480000284969	Yogur natural con cereales	1 yogur	125
8412600100325	Pan de molde sin corteza	2 rebanadas	50
4056489170655	Atún en aceite (lata abre fácil)	1 lata	56
8480000807717	Tortilla de patata	1 porción	120
20188016	Jamón curado reserva	3 lonchas	30
8480000160409	Corazones de alcachofa	1 ración	100
8480000206275	Yogur líquido de fresa	1 botella	180
8480000183101	Filetes de caballa	1 lata	85
8413098080373	Jamón curado	3 lonchas	30
4056489409090	Cruasán	1 cruasán	50
8480000511911	Queso fresco de vaca	1 ración	60
8715700017006	Kétchup	1 cucharada	15
8480017146359	Huevos	1 huevo	60
7622210103314	Queso crema Philadelphia	1 cucharada	20
8480000636539	Pizza	1/4 de pizza	100
7622300165628	Oreo mini	1 bolsita	25
7613287324863	Leche condensada	1 cucharada	20
8480017006073	Leche desnatada	1 vaso	250
8480000237538	Horchata	1 vaso	200
8410297012105	Leche desnatada	1 vaso	250
5053990127726	Pringles original	1 ración	30
8410297010200	Leche entera	1 vaso	250
8410148509327	Cacahuetes con sal	1 puñado	30
8410843130222	Jamón cocido en lonchas	3 lonchas	30
20248321	Yogur natural	1 yogur	125
8414807532886	Macarrones	1 ración en crudo	80
3560071273958	Tomate triturado	1 ración	100
7622210103253	Queso crema Philadelphia	1 cucharada	20
5449000171771	Bebida isotónica de limón zero	1 botella	500
8480000140852	Galletas sándwich de chocolate	2 galletas	25
8480000592538	Fiambre magro para sándwich	2 lonchas	30
8480000832023	Barra de pan	1 trozo	60
8480000593337	Chopped de cerdo en lonchas	3 lonchas	30
20944308	Leche desnatada	1 vaso	250
4056489635611	Jamón cocido en lonchas finas	3 lonchas	30
8414100317357	Tónica	1 lata	250
8480000141972	Galletas en relieve	3 galletas	25
8480000202109	Yogur natural desnatado	1 yogur	125
20857325	Yogur griego de stracciatella	1 yogur	125
4056489256755	Jamón cocido en lonchas finas, sin lactosa	3 lonchas	30
8410063084510	Gulas al natural	1 ración	50
8480000542106	Chorizo picante en sarta, sin lactosa	1 ración	40
8480000290755	Refresco de naranja con gas	1 lata	330
8480000143242	Galletas tostadas	3 galletas	25
20378110	Pan de hamburguesa	1 pan	60
8480000612830	Judías verdes planas troceadas	1 ración	150
8480000822871	Pan tostado	2 rebanadas	20
8436569260029	Hamburguesas de vacuno	1 hamburguesa	100
8480000340313	Cacahuetes sin sal	1 puñado	30
8480000140807	Galletas tostadas infantiles	3 galletas	25
8410300349952	Fideos orientales de pollo (Yatekomo)	1 vaso	60
20691677	Emmental rallado	1 puñado	30
8000139910258	Mafalda corta	1 ración en crudo	80
8480000157942	Mayonesa ligera	1 cucharada	15
8710908958502	Mayonesa casera	1 cucharada	15
8410297110986	Leche semidesnatada	1 vaso	250
8410000802771	Chips Ahoy! mini	1 bolsita	25
8480000205049	Yogur griego de fresa	1 yogur	125
20002268	Mozzarella fresca	1 bola	125
8480000209962	Yogur 0 % de fresa	1 yogur	125
4056489287513	Pan de molde	2 rebanadas	50
8480000591302	Salchichón en lonchas	5 lonchas	25
8480000158109	Patatas fritas bajas en grasa	1 bolsa pequeña	30
8437013139090	Canónigos y rúcula	1 plato	50
8480000349484	Pistachos sin sal	1 puñado	30
8480000808707	Wraps de trigo	1 wrap	60
8410084041110	Arroz extra	1 ración en crudo	80
8413100611175	Queso de Burgos	1 tarrina	75
8480000612793	Espinacas troceadas	1 ración	150
8410034075103	Huesitos	1 barrita	20
8425514214583	Berlina de azúcar	1 berlina	60
8480000636287	Pizza	1/4 de pizza	100
8437004621689	Ensalada César	1 bandeja	200
8480000210739	Yogur 0 % de arándanos	1 yogur	125
8480000124937	Bombones	2 bombones	25
20959968	Mantequilla light sin sal	1 porción	10
8410128010119	Leche semidesnatada	1 vaso	250
8411700005837	Batido de chocolate	1 brik	200
20044794	Leche semidesnatada	1 vaso	250
20047573	Queso gouda tierno en lonchas	2 lonchas	40
8480000152169	Melocotón en almíbar	2 mitades	120
8480000683502	Mousse de chocolate	1 mousse	60
8402001000584	Cebolla troceada	1 ración	60
8437019803032	Huevos	1 huevo	60
20945923	Aceite de girasol	1 cucharada	10
20155247	Cuatro quesos rallados	1 puñado	30
8480000230102	Pasas sin semilla	1 puñado	30
8480000142139	Galletas digestive de avena	2 galletas	25
8410500012878	Danacol natural	1 botellita	100
20526986	Ensalada deluxe	1 plato	80
8719200232075	Margarina con sal	1 porción	10
8480000200402	Yogur de fresa	1 yogur	125
8480000106667	Café capuchino frío	1 vaso	200
8410173072025	Placas de lasaña	4 placas	60
8480000171122	Fritada (tomate y pimiento)	1 ración	100
8410069017925	Hélices tres sabores	1 ración en crudo	80
8480000046406	Aceite de oliva suave	1 cucharada	10
8431876128352	Leche entera	1 vaso	250
20555948	Queso fundido rallado para gratinar	1 puñado	30
5449000133847	Bebida isotónica de naranja	1 botella	500
8480000063212	Tallarines al huevo	1 ración en crudo	80
8480000106865	Leche desnatada 0,0 con calcio	1 vaso	250
8480000682758	Gelatina sin azúcar	1 tarrina	100
8411859553081	Risketos	1 bolsa pequeña	30
20267605	Anacardos sin sal	1 puñado	30
4056489121305	Canónigos	1 plato	50
8480000820907	Ensaimada	1 ensaimada	60
8410128010096	Leche entera	1 vaso	250
8480000142146	Galletas digestive	2 galletas	25
8480000213310	Yogur de pera	1 yogur	125
20073114	Salchichón en lonchas	5 lonchas	25
8480000681164	Flan de queso	1 flan	100
8480000645142	Polos de hielo	1 polo	50
8480000566522	Tiras de pollo asado	1 ración	100
8480000078674	Caldo de pollo	1 tazón	250
8480000211514	Yogur 0 % de mango y maracuyá	1 yogur	125
8410128276003	Bifrutas tropical	1 brik	200
8480000640000	Bombón helado de almendra	1 bombón	70
8480000824042	Sobaos	1 sobao	40
4056489356561	Queso de vaca tierno en lonchas	2 lonchas	40
8410297115318	Leche semidesnatada sin lactosa	1 vaso	250
8480000200419	Yogur de limón	1 yogur	125
20080211	Galletas cookies con pepitas de chocolate	2 galletas	25
8480000860088	Tostadas integrales	2 tostadas	20
7613287816825	Fabada asturiana	1 plato	300
8410199019882	Patatas fritas churreras	1 bolsa pequeña	30
8480000634603	Base de pizza	1/4 de base	60
8410500015787	Danonino de fresa	1 petit suisse	50
8480000333391	Conos de maíz	1 bolsa pequeña	30
8480000511461	Grana padano rallado	1 cucharada	10
8480000233646	Cóctel de frutos secos	1 puñado	30
8480000171726	Alioli	1 cucharada	15
20005825	Chocolate con leche	2 onzas	20
8480000394033	Zumo de manzana	1 vaso	200
8410843137719	Pechuga de pavo en lonchas	3 lonchas	30
8480000125828	Chocolate negro	2 onzas	20
8480000822949	Pan de pueblo	1 trozo	60
8480000141316	Galletas digestive con chocolate con leche	2 galletas	30
8480000220028	Yogur líquido de fresa anticolesterol	1 botellita	100
8410843137726	Jamón cocido en lonchas finas	3 lonchas	30
20477981	Alas de pollo	1 ración	150
8410693514135	Macarrones	1 ración en crudo	80
8480000200310	Yogur de macedonia	1 yogur	125
8480000213075	Yogur natural	1 yogur	125
20659318	Bebida de avena	1 vaso	250
8480000213303	Yogur de frutas del bosque	1 yogur	125
8437013139014	Ensalada de brotes tiernos	1 plato	50
8437004621368	Rúcula	1 plato	50
8410486081011	Bacon ahumado en lonchas	2 lonchas	30
8480000185532	Berberechos al natural	1 lata	60
4056489043379	Refresco de cola zero	1 lata	330
4056489120698	Longaniza de cerdo	1 ración	100
7622210204424	Príncipe	2 galletas	25
8480000141613	Galletas mini cookies con chocolate	1 bolsita	25
5449000050205	Refresco de cola light	1 lata	330
8480000150912	Mermelada de fresa	1 cucharada	20
8410500009946	Yogures de sabores infantiles	1 yogur	125
8480000335999	Bombitas de maíz	1 bolsa pequeña	30
8480000392169	Zumo de melocotón y uva	1 vaso	200
8437002390020	Albóndigas de cerdo	1 ración	150
8414807551511	Pan común	1 trozo	60
4056489043737	Arroz redondo extra	1 ración en crudo	80
8480000642004	Sándwich helado de nata	1 sándwich	70
4056489170112	Filetes de lomo de cerdo	1 ración	150
8480000642516	Cucurucho de nata y chocolate	1 cucurucho	70
8480000612076	Pimiento rojo y verde en dados	1 ración	60
8480000511119	Queso curado y cheddar en dados	1 puñado	30
8719200234857	Margarina sin sal	1 porción	10
20078423	Sucedáneo de langostino (surimi)	1 ración	75
8410376026962	Galletas digestive de avena con chocolate	2 galletas	25
4056489545385	Patatas fritas al punto de sal	1 bolsa pequeña	30
4056489409076	Magdalenas	1 magdalena	30
20798987	Pizza	1/4 de pizza	100
4056489044550	Fiambre de york sin lactosa	3 lonchas	30
8480000213297	Yogur natural con cereales	1 yogur	125
8410573104166	Jumpers	1 bolsa pequeña	30
20898687	Queso gouda en lonchas	2 lonchas	40
8437004621184	Acelgas	1 ración	150
8410184016520	Arroz redondo	1 ración en crudo	80
8410066131334	Mayonesa	1 cucharada	15
8480000524058	Quesitos	2 quesitos	32
8480000593368	Mortadela de pavo en lonchas	3 lonchas	30
8424717555554	Patatas	1 patata	200
8480000336422	Snack de maíz Cuquitos	1 bolsa pequeña	30
8414100302643	Sunny Delight Florida	1 vaso	200
8480000293145	Bebida de soja	1 vaso	250
8480000636294	Pizza	1/4 de pizza	100
5601560111882	Minibiscotes	1 ración	20
20945091	Salchichas Frankfurt	2 salchichas	70
8410500015794	Danonino de fresa y plátano	1 petit suisse	50
8480017003263	Tomate triturado	1 ración	100
8480000341884	Pipas sin sal	1 puñado	30
8480000208309	Yogur natural cremoso desnatado	1 yogur	125
8480000612823	Judías verdes redondas troceadas	1 ración	150
8411700011111	Leche desnatada con omega 3	1 vaso	250
8480000681881	Panna cotta	1 panna cotta	100
8410532065767	Pulguitas de pan	2 pulguitas	50
8480000822277	Pan rallado con ajo y perejil	1 cucharada	10
8410261657424	Limonada light	1 vaso	200
5449000015846	Refresco de cola sin cafeína	1 lata	330
20705299	Hamburguesas de cerdo y vacuno	1 hamburguesa	100
8412500922072	Paté de cerdo	1 ración	30
8410063088181	Corazones de merluza	2 corazones	120
8718781824402	Cebolla	1 cebolla	150
8410261641416	Zumo vitaminado de naranja	1 vaso	200
8480000136312	Saladitos	1 puñado	20
20724696	Almendras sin sal	1 puñado	30
4056489440116	Almendras sin sal	1 puñado	30
